[
  {
    "model": "books.book",
    "pk": 1,
    "fields": {
      "title": "Мастер и Маргарита",
      "author": "Михаил Булгаков",
      "price": "599.99",
      "description": "Один из величайших романов XX века",
      "publication_date": "1966-01-01",
      "isbn": "978-5-699-12014-7",
      "created_at": "2023-01-15T10:00:00Z",
      "updated_at": "2023-01-15T10:00:00Z"
    }
  },
  {
    "model": "books.book",
    "pk": 2,
    "fields": {
      "title": "Преступление и наказание",
      "author": "Фёдор Достоевский",
      "price": "450.50",
      "description": "Классика русской литературы",
      "publication_date": "1866-01-01",
      "isbn": "978-5-04-105975-0",
      "created_at": "2023-01-15T10:05:00Z",
      "updated_at": "2023-01-15T10:05:00Z"
    }
  },
  {
    "model": "books.book",
    "pk": 3,
    "fields": {
      "title": "1984",
      "author": "Джордж Оруэлл",
      "price": "650.00",
      "description": "Антиутопический роман о тоталитаризме",
      "publication_date": "1949-06-08",
      "isbn": "978-5-17-090640-7",
      "created_at": "2023-01-15T10:10:00Z",
      "updated_at": "2023-01-15T10:10:00Z"
    }
  },
  {
    "model": "books.book",
    "pk": 4,
    "fields": {
      "title": "Гарри Поттер и философский камень",
      "author": "Джоан Роулинг",
      "price": "799.99",
      "description": "Первая книга культовой серии",
      "publication_date": "1997-06-26",
      "isbn": "978-5-389-07435-4",
      "created_at": "2023-01-15T10:15:00Z",
      "updated_at": "2023-01-15T10:15:00Z"
    }
  },
  {
    "model": "books.book",
    "pk": 5,
    "fields": {
      "title": "Три товарища",
      "author": "Эрих Мария Ремарк",
      "price": "550.00",
      "description": "Роман о дружбе и любви в послевоенной Германии",
      "publication_date": "1936-01-01",
      "isbn": "978-5-699-80901-6",
      "created_at": "2023-01-15T10:20:00Z",
      "updated_at": "2023-01-15T10:20:00Z"
    }
  }
]